1.102227519162378017e-01,3.224999999999980105e-01,1.000000000000000000e+00
8.409603125816290659e-01,1.799999999999997158e-01,1.000000000000000000e+00
4.159658082724453365e-01,1.499999999999985789e-01,1.000000000000000000e+00
-9.869155068565957922e-01,7.000000000000028422e-02,1.000000000000000000e+00
7.763851641873703580e-01,3.400000000000016342e-01,1.000000000000000000e+00
6.124642571898709642e-01,9.999999999999964473e-02,1.000000000000000000e+00
1.438095779095819038e-01,1.400000000000005684e-01,1.000000000000000000e+00
1.487421463092160057e-01,2.199999999999988631e-01,1.000000000000000000e+00
8.972491853502971848e-01,2.900000000000009237e-01,1.000000000000000000e+00
7.777194490854835163e-01,1.600000000000001421e-01,1.000000000000000000e+00
2.373543716850134988e+00,8.000000000000007105e-02,2.000000000000000000e+00
9.005886280482501283e-01,1.600000000000001421e-01,1.000000000000000000e+00
1.206119535062683212e+00,1.500000000000021316e-01,1.000000000000000000e+00
6.749566992939561860e-01,2.200000000000006395e-01,1.000000000000000000e+00
7.405467258431905897e-01,3.999999999999985789e-01,1.000000000000000000e+00
-1.628840820530140857e-02,1.099999999999994316e-01,1.000000000000000000e+00
5.105724450927447977e-01,2.050000000000018474e-01,1.000000000000000000e+00
4.611945430308654892e-01,2.625000000000028422e-01,1.000000000000000000e+00
3.299036216129875299e-01,2.100000000000008527e-01,1.000000000000000000e+00
6.299684806141117033e-01,3.999999999999914735e-02,1.000000000000000000e+00
3.109763763295348982e-01,1.000000000000014211e-01,1.000000000000000000e+00
6.082018159043123262e-01,8.000000000000007105e-02,1.000000000000000000e+00
1.629424785549109522e+00,7.249999999999978684e-02,1.000000000000000000e+00
-5.921070174932859670e-02,6.000000000000049738e-02,1.000000000000000000e+00
1.806106902951069459e+00,1.324999999999985079e-01,1.000000000000000000e+00
5.715140509208193054e-01,1.750000000000007105e-01,1.000000000000000000e+00
2.892957632143515201e-01,1.899999999999995026e-01,1.000000000000000000e+00
9.957342647160057902e-01,1.250000000000000000e-01,1.000000000000000000e+00
4.454810580169625833e-01,3.249999999999992895e-01,1.000000000000000000e+00
1.477254125865472278e-01,1.899999999999977263e-01,1.000000000000000000e+00
1.992021774329550743e+00,1.299999999999990052e-01,1.000000000000000000e+00
8.748309747377448486e-01,1.000000000000014211e-01,1.000000000000000000e+00
1.017648174132932626e+00,2.500000000000000000e-01,1.000000000000000000e+00
3.153327425951823471e-01,1.200000000000009948e-01,1.000000000000000000e+00
1.150982201715659015e+00,3.299999999999982947e-01,1.000000000000000000e+00
9.785133343543787054e-01,2.624999999999992895e-01,1.000000000000000000e+00
1.214089870926665871e+00,1.699999999999999289e-01,1.000000000000000000e+00
7.090480977935565976e-01,3.300000000000018474e-01,1.000000000000000000e+00
1.440740116246558844e-01,3.599999999999994316e-01,1.000000000000000000e+00
3.521514796376843948e-01,2.250000000000014211e-01,1.000000000000000000e+00
-5.345041573765666465e-01,1.099999999999994316e-01,1.000000000000000000e+00
2.850261474044629151e-01,1.000000000000014211e-01,1.000000000000000000e+00
3.144624888765815141e-01,1.699999999999981526e-01,1.000000000000000000e+00
7.982403434833268419e-01,2.099999999999972999e-01,1.000000000000000000e+00
5.119823747904081457e-02,1.200000000000009948e-01,1.000000000000000000e+00
1.881643295372332769e+00,2.999999999999936051e-02,2.000000000000000000e+00
2.449428250918623817e+00,5.999999999999872102e-02,2.000000000000000000e+00
2.664188759886714220e-01,1.524999999999998579e-01,1.000000000000000000e+00
6.265297272831346076e-01,1.499999999999985789e-01,1.000000000000000000e+00
2.048741970480230101e-01,7.250000000000156319e-02,1.000000000000000000e+00
3.648518773140406735e-01,1.725000000000012079e-01,1.000000000000000000e+00
5.177965458479805161e-01,2.600000000000015632e-01,1.000000000000000000e+00
2.808761860492303697e-01,2.325000000000017053e-01,1.000000000000000000e+00
2.689780996840775429e-01,7.000000000000028422e-02,1.000000000000000000e+00
1.217931639994934701e+00,4.999999999999893419e-02,1.000000000000000000e+00
4.114665924719910772e-01,6.999999999999850786e-02,1.000000000000000000e+00
1.418788856944333432e+00,4.499999999999992895e-01,1.000000000000000000e+00
4.336737174248101456e-01,2.999999999999989342e-01,1.000000000000000000e+00
-2.150925117963168876e-01,1.300000000000007816e-01,1.000000000000000000e+00
4.190590316670059212e-01,3.399999999999998579e-01,1.000000000000000000e+00
-1.682958592219706007e-01,1.424999999999982947e-01,1.000000000000000000e+00
1.589594539661277617e-01,1.799999999999997158e-01,1.000000000000000000e+00
4.291963594551203576e-01,1.324999999999985079e-01,1.000000000000000000e+00
1.051046818280201994e-01,1.899999999999995026e-01,1.000000000000000000e+00
6.820838435326601612e-01,2.900000000000027001e-01,1.000000000000000000e+00
2.198026818110274228e+00,8.000000000000184741e-02,2.000000000000000000e+00
1.725714608931762983e+00,8.000000000000007105e-02,2.000000000000000000e+00
2.652504982995226523e+00,5.999999999999872102e-02,2.000000000000000000e+00
1.893589863997059142e-01,8.999999999999985789e-02,1.000000000000000000e+00
5.642833372566784522e-01,1.899999999999977263e-01,1.000000000000000000e+00
-2.717851070372060640e+00,2.099999999999972999e-01,1.000000000000000000e+00
1.046780123630971060e+00,7.750000000000056843e-02,1.000000000000000000e+00
5.271520443903563446e-01,3.475000000000001421e-01,1.000000000000000000e+00
6.761984220958303649e-01,1.099999999999994316e-01,1.000000000000000000e+00
2.294545151247983639e-01,1.100000000000029843e-01,1.000000000000000000e+00
1.400434204316057363e+00,7.000000000000028422e-02,1.000000000000000000e+00
1.554286862038987416e-01,2.600000000000015632e-01,1.000000000000000000e+00
7.658065366666214624e-01,3.275000000000005684e-01,1.000000000000000000e+00
-6.232256969645117994e-01,7.000000000000028422e-02,1.000000000000000000e+00
9.007245078574770414e-01,1.924999999999990052e-01,1.000000000000000000e+00
3.482174652664851711e-01,1.099999999999994316e-01,1.000000000000000000e+00
1.277647809325104911e+00,2.500000000000000000e-01,1.000000000000000000e+00
3.658038457945789745e-01,8.999999999999985789e-02,1.000000000000000000e+00
7.511614277915014126e-01,3.500000000000014211e-01,1.000000000000000000e+00
7.815390479248882638e-01,2.599999999999997868e-01,1.000000000000000000e+00
9.795566575868930315e-02,1.099999999999994316e-01,1.000000000000000000e+00
4.327273078092668257e-01,2.599999999999980105e-01,1.000000000000000000e+00
2.592649038761626556e+00,4.000000000000092371e-02,2.000000000000000000e+00
1.234947861402887037e+00,3.550000000000004263e-01,1.000000000000000000e+00
2.910192882278385129e-01,1.600000000000001421e-01,1.000000000000000000e+00
5.675751166360183397e-01,2.325000000000017053e-01,1.000000000000000000e+00
4.243080045610311268e-01,9.000000000000341061e-02,1.000000000000000000e+00
1.030005545202773876e+00,3.300000000000018474e-01,1.000000000000000000e+00
7.016820312696769868e-01,1.300000000000007816e-01,1.000000000000000000e+00
1.344513576602850646e+00,3.299999999999982947e-01,1.000000000000000000e+00
2.746343424502490360e-01,2.500000000000000000e-01,1.000000000000000000e+00
1.398118492080350883e+00,6.999999999999850786e-02,1.000000000000000000e+00
5.281850691410153731e-01,2.100000000000008527e-01,1.000000000000000000e+00
2.373040481119218281e+00,1.850000000000022737e-01,1.000000000000000000e+00
1.600294796399768016e+00,2.099999999999990763e-01,1.000000000000000000e+00
5.925020222479921994e-01,2.200000000000006395e-01,1.000000000000000000e+00
9.020317815207042900e-01,3.000000000000007105e-01,1.000000000000000000e+00
1.703256150000023728e-01,1.600000000000001421e-01,1.000000000000000000e+00
3.055432548879414428e-03,1.000000000000014211e-01,1.000000000000000000e+00
9.899179150033154073e+00,2.199999999999988631e-01,1.000000000000000000e+00
3.049802524439033657e-01,2.500000000000000000e-01,1.000000000000000000e+00
-1.568990853093366944e+00,1.849999999999987210e-01,1.000000000000000000e+00
-5.042127657747497160e-01,1.500000000000021316e-01,1.000000000000000000e+00
1.816697143523685332e-01,1.099999999999994316e-01,1.000000000000000000e+00
6.208742363164294620e-01,1.100000000000012079e-01,1.000000000000000000e+00
1.905257126098998111e-01,7.000000000000028422e-02,1.000000000000000000e+00
-3.583383475433518650e-01,1.900000000000012790e-01,1.000000000000000000e+00
3.678699475454487167e-01,2.124999999999985789e-01,1.000000000000000000e+00
7.451648047820173815e-02,1.799999999999997158e-01,1.000000000000000000e+00
-3.643363297895914066e-01,4.124999999999996447e-01,1.000000000000000000e+00
1.086726311473027007e+00,2.699999999999995737e-01,1.000000000000000000e+00
3.054495165297538284e-01,2.100000000000008527e-01,1.000000000000000000e+00
6.797061048847874432e-01,2.300000000000004263e-01,1.000000000000000000e+00
5.682380660741110923e-01,1.300000000000007816e-01,1.000000000000000000e+00
1.033496237115462346e+00,1.600000000000001421e-01,1.000000000000000000e+00
5.496071157781340366e-02,2.400000000000019895e-01,1.000000000000000000e+00
-2.341821270272856359e-01,4.999999999999893419e-02,1.000000000000000000e+00
4.655505711796723012e-01,1.000000000000014211e-01,1.000000000000000000e+00
8.388802790440169632e-01,1.524999999999998579e-01,1.000000000000000000e+00
7.039178665421889081e-01,1.825000000000009948e-01,1.000000000000000000e+00
5.692588794242051664e-01,4.024999999999998579e-01,1.000000000000000000e+00
4.190927377273352961e-01,1.100000000000012079e-01,1.000000000000000000e+00
6.267160468668326878e-01,1.899999999999995026e-01,1.000000000000000000e+00
-4.354077727540777570e-02,1.425000000000000711e-01,1.000000000000000000e+00
-1.135619385606700116e-01,8.999999999999985789e-02,1.000000000000000000e+00
3.178796921296005440e-01,2.300000000000004263e-01,1.000000000000000000e+00
-3.152527412928774614e-02,7.000000000000028422e-02,1.000000000000000000e+00
5.557438598617835401e-01,2.099999999999972999e-01,1.000000000000000000e+00
2.670536871822155878e-02,1.499999999999985789e-01,1.000000000000000000e+00
2.626103344064606437e-01,2.349999999999994316e-01,1.000000000000000000e+00
3.010122550196503433e-01,1.400000000000005684e-01,1.000000000000000000e+00
-4.908033703103104745e-02,9.999999999999964473e-02,1.000000000000000000e+00
6.552089323133628018e-02,2.050000000000000711e-01,1.000000000000000000e+00
6.999442960717439099e+00,6.000000000000049738e-02,1.000000000000000000e+00
1.805116563313758915e+00,9.000000000000163425e-02,2.000000000000000000e+00
3.221805216094965063e-01,2.000000000000010658e-01,1.000000000000000000e+00
4.149062695133535206e-01,2.800000000000011369e-01,1.000000000000000000e+00
-9.255723655191196164e-02,3.100000000000004974e-01,1.000000000000000000e+00
1.202878386551323286e+00,3.600000000000012079e-01,1.000000000000000000e+00
8.569770814959585259e-01,2.299999999999986500e-01,1.000000000000000000e+00
3.298485192475925754e+00,5.999999999999872102e-02,2.000000000000000000e+00
5.983432381358482210e-01,3.100000000000004974e-01,1.000000000000000000e+00
1.783717334769336249e+00,3.099999999999987210e-01,1.000000000000000000e+00
2.618158575800764609e+00,1.250000000000017764e-01,2.000000000000000000e+00
1.194797403941028957e+00,2.100000000000008527e-01,1.000000000000000000e+00
-5.685097833564691783e-01,8.999999999999985789e-02,1.000000000000000000e+00
7.648782083899080542e-01,7.000000000000028422e-02,1.000000000000000000e+00
2.839786113363166886e-01,1.799999999999997158e-01,1.000000000000000000e+00
1.680604183615761915e+00,7.000000000000028422e-02,1.000000000000000000e+00
2.105835232601147577e-01,1.425000000000000711e-01,1.000000000000000000e+00
7.956109289441918309e-01,1.049999999999986500e-01,1.000000000000000000e+00
2.630889050541184382e+00,4.000000000000092371e-02,2.000000000000000000e+00
1.036856345419308045e+00,2.949999999999999289e-01,1.000000000000000000e+00
-3.971778861760662527e-01,9.999999999999964473e-02,1.000000000000000000e+00
4.029710059584258874e-01,2.049999999999982947e-01,1.000000000000000000e+00
2.406165042806718724e+00,2.400000000000002132e-01,1.000000000000000000e+00
2.524061153701345095e+00,2.999999999999989342e-01,1.000000000000000000e+00
6.459638332355077672e-01,3.200000000000002842e-01,1.000000000000000000e+00
7.873650127435388724e-01,3.200000000000002842e-01,1.000000000000000000e+00
-7.929429073282778795e-02,6.999999999999850786e-02,1.000000000000000000e+00
1.130474156991791768e+00,2.300000000000022027e-01,1.000000000000000000e+00
-8.363172748959288305e-02,8.999999999999985789e-02,1.000000000000000000e+00
-1.459069754346406511e-01,8.000000000000007105e-02,1.000000000000000000e+00
2.970021873793224021e+00,1.099999999999994316e-01,2.000000000000000000e+00
1.382774198790540421e+00,3.100000000000004974e-01,1.000000000000000000e+00
6.891624581512284520e-01,3.000000000000007105e-01,1.000000000000000000e+00
-1.390313829242859067e-01,5.999999999999872102e-02,1.000000000000000000e+00
7.715399751868140532e-01,5.000000000000071054e-02,1.000000000000000000e+00
1.041020767885003639e+00,1.800000000000014921e-01,1.000000000000000000e+00
9.488562447126985822e-01,3.499999999999978684e-01,1.000000000000000000e+00
2.057617641435481870e-01,2.500000000000000000e-01,1.000000000000000000e+00
8.955456831273788110e-01,1.900000000000012790e-01,1.000000000000000000e+00
1.116649302065858551e+00,1.500000000000021316e-01,1.000000000000000000e+00
4.280526041117583169e+00,2.599999999999997868e-01,1.000000000000000000e+00
6.949549062909395225e+00,2.000000000000010658e-01,1.000000000000000000e+00
6.705295746298890691e+00,1.300000000000007816e-01,1.000000000000000000e+00
1.731946709901400761e+00,8.999999999999985789e-02,1.000000000000000000e+00
7.980188538178469848e-01,3.725000000000004974e-01,1.000000000000000000e+00
3.407195388976946293e-01,2.999999999999989342e-01,1.000000000000000000e+00
1.122344792741950315e+00,2.300000000000004263e-01,1.000000000000000000e+00
1.829629957827415832e-01,1.399999999999987921e-01,1.000000000000000000e+00
4.878205214354200514e+00,1.199999999999992184e-01,1.000000000000000000e+00
1.747549076831296233e+00,1.000000000000014211e-01,1.000000000000000000e+00
-2.341236861461344798e+00,1.125000000000007105e-01,1.000000000000000000e+00
-1.395473458233904340e+00,1.500000000000003553e-01,1.000000000000000000e+00
-2.158807587907701997e+00,7.999999999999829470e-02,1.000000000000000000e+00
-1.470653290716560091e-01,2.099999999999990763e-01,1.000000000000000000e+00
7.781524679664491018e-01,1.400000000000005684e-01,1.000000000000000000e+00
-8.376008007166993452e-02,8.999999999999985789e-02,1.000000000000000000e+00
1.967679926267106971e+00,8.999999999999985789e-02,2.000000000000000000e+00
6.135426912645101094e-01,2.199999999999988631e-01,1.000000000000000000e+00
1.305970838641648646e+00,7.000000000000028422e-02,1.000000000000000000e+00
3.504096713501540505e-01,8.999999999999985789e-02,1.000000000000000000e+00
3.684602527705457931e+00,4.999999999999893419e-02,2.000000000000000000e+00
-3.150754520236084821e-02,1.799999999999997158e-01,1.000000000000000000e+00
-4.718331636359244241e-01,1.799999999999997158e-01,1.000000000000000000e+00
1.085766532166347886e+00,6.250000000000000000e-02,1.000000000000000000e+00
-1.115778631563024925e+00,1.624999999999978684e-01,1.000000000000000000e+00
-1.594962031217715404e-01,9.999999999999786837e-02,1.000000000000000000e+00
1.192450996281264365e-03,3.275000000000005684e-01,1.000000000000000000e+00
2.473222278810957686e+00,1.000000000000014211e-01,2.000000000000000000e+00
1.227464728231025815e+00,3.000000000000007105e-01,1.000000000000000000e+00
7.846176201527318428e-01,2.699999999999995737e-01,1.000000000000000000e+00
2.450242092899415969e+00,8.999999999999985789e-02,2.000000000000000000e+00
9.538354387540356472e-01,1.500000000000003553e-01,1.000000000000000000e+00
6.100865412442092461e-01,2.000000000000028422e-01,1.000000000000000000e+00
-1.069432316730629395e+01,1.674999999999986500e-01,1.000000000000000000e+00
9.660934535917252708e-01,2.199999999999988631e-01,1.000000000000000000e+00
1.057265111555531600e+00,5.250000000000021316e-01,1.000000000000000000e+00
1.975156353798473541e+00,8.999999999999985789e-02,2.000000000000000000e+00
5.038043267520763147e-01,1.924999999999990052e-01,1.000000000000000000e+00
5.239911831177255369e-02,3.399999999999998579e-01,1.000000000000000000e+00
2.102427022179183536e-01,2.225000000000001421e-01,1.000000000000000000e+00
-6.405585799459354024e-02,2.500000000000000000e-01,1.000000000000000000e+00
-2.642519685873833124e-01,2.074999999999995737e-01,1.000000000000000000e+00
3.371908087550247179e-01,2.100000000000008527e-01,1.000000000000000000e+00
1.168966805930725439e+00,8.000000000000007105e-02,1.000000000000000000e+00
4.787045483320216399e-01,2.300000000000004263e-01,1.000000000000000000e+00
1.703887348892182851e+00,1.700000000000017053e-01,1.000000000000000000e+00
-4.949213606855289993e-01,2.900000000000009237e-01,1.000000000000000000e+00
4.914481165929760476e-01,2.550000000000007816e-01,1.000000000000000000e+00
9.963806993426712610e-01,1.199999999999992184e-01,1.000000000000000000e+00
1.743931501709708343e+00,8.000000000000007105e-02,2.000000000000000000e+00
1.769832833807528094e-01,2.100000000000008527e-01,1.000000000000000000e+00
1.004765719150905179e+00,6.999999999999850786e-02,1.000000000000000000e+00
5.579200435731934693e-01,1.400000000000005684e-01,1.000000000000000000e+00
-2.902726688430860236e+00,1.200000000000009948e-01,1.000000000000000000e+00
9.351372483688544790e-01,8.999999999999985789e-02,1.000000000000000000e+00
5.674008735864095598e-01,1.799999999999997158e-01,1.000000000000000000e+00
-3.627577596467557175e+00,2.200000000000024158e-01,1.000000000000000000e+00
1.977411733187778742e+00,1.600000000000001421e-01,1.000000000000000000e+00
2.153047197595704176e+00,1.099999999999994316e-01,2.000000000000000000e+00
1.174070260251445674e+00,2.099999999999990763e-01,1.000000000000000000e+00
1.195042019590652593e+00,2.550000000000007816e-01,1.000000000000000000e+00
4.020230661132753180e-01,1.900000000000012790e-01,1.000000000000000000e+00
8.350291772118167977e-01,9.500000000000241585e-02,1.000000000000000000e+00
3.286375564248765979e+00,7.000000000000028422e-02,2.000000000000000000e+00
7.157611277761564139e-01,4.250000000000042633e-01,1.000000000000000000e+00
1.468796203387700450e+00,1.900000000000012790e-01,1.000000000000000000e+00
-3.596188960964032816e-02,3.399999999999998579e-01,1.000000000000000000e+00
3.139693256145702493e-01,1.600000000000001421e-01,1.000000000000000000e+00
4.423687913954577056e-01,3.350000000000008527e-01,1.000000000000000000e+00
1.033266780397671614e+00,3.200000000000002842e-01,1.000000000000000000e+00
-3.632564586254282690e-01,1.799999999999997158e-01,1.000000000000000000e+00
2.514600749593443929e+00,1.349999999999997868e-01,2.000000000000000000e+00
8.036838602485976146e-01,3.099999999999987210e-01,1.000000000000000000e+00
1.169610042659079197e+00,1.699999999999981526e-01,1.000000000000000000e+00
2.985976476473198193e+00,1.250000000000000000e-01,1.000000000000000000e+00
1.272471683320763214e+00,1.199999999999992184e-01,1.000000000000000000e+00
1.231721185053059830e+00,1.699999999999999289e-01,1.000000000000000000e+00
-8.349189664151379642e-02,2.675000000000018474e-01,1.000000000000000000e+00
1.655946282506944200e+00,1.400000000000005684e-01,1.000000000000000000e+00
1.609532035828435959e+00,3.000000000000113687e-02,2.000000000000000000e+00
-3.050672939330993372e-01,7.000000000000028422e-02,1.000000000000000000e+00
6.252408843520463888e-01,4.399999999999995026e-01,1.000000000000000000e+00
1.859783722658011840e+00,5.000000000000071054e-02,2.000000000000000000e+00
6.464439142951756700e-01,3.575000000000017053e-01,1.000000000000000000e+00
9.385226283420766702e-01,1.499999999999985789e-01,1.000000000000000000e+00
6.959975286121331539e-01,2.399999999999984368e-01,1.000000000000000000e+00
6.747045370134419073e-01,3.650000000000002132e-01,1.000000000000000000e+00
-2.319678291142261428e-01,9.499999999999886313e-02,1.000000000000000000e+00
2.944290852010259529e-01,1.500000000000021316e-01,1.000000000000000000e+00
1.244341487007784908e+00,1.899999999999977263e-01,1.000000000000000000e+00
1.566819268967035994e-01,8.000000000000184741e-02,1.000000000000000000e+00
-2.198477355602454164e+00,2.225000000000036948e-01,1.000000000000000000e+00
-8.658961731772074621e-01,9.999999999999964473e-02,1.000000000000000000e+00
4.654757813052488591e-01,8.999999999999985789e-02,1.000000000000000000e+00
2.384168988370033715e-01,2.899999999999991473e-01,1.000000000000000000e+00
4.356004203513642814e+00,7.000000000000028422e-02,1.000000000000000000e+00
1.168084377251165540e+00,7.999999999999829470e-02,1.000000000000000000e+00
8.847628888047358586e-01,1.799999999999997158e-01,1.000000000000000000e+00
6.638658528222249888e-01,2.799999999999993605e-01,1.000000000000000000e+00
8.938437516615822531e-01,4.274999999999984368e-01,1.000000000000000000e+00
5.581438232590425486e-01,3.000000000000007105e-01,1.000000000000000000e+00
9.665652916465793387e-01,1.999999999999992895e-01,1.000000000000000000e+00
7.106634523157485672e-01,1.400000000000005684e-01,1.000000000000000000e+00
1.486168523428952115e+00,1.799999999999997158e-01,1.000000000000000000e+00
2.660179994018050387e-01,8.000000000000007105e-02,1.000000000000000000e+00
-1.380125395229725882e+00,9.999999999999786837e-02,1.000000000000000000e+00
3.212854653612191136e+00,8.000000000000007105e-02,2.000000000000000000e+00
4.580574019824397713e-01,2.800000000000011369e-01,1.000000000000000000e+00
2.264883620235783823e+00,1.900000000000012790e-01,1.000000000000000000e+00
1.554913097830209479e+00,2.500000000000000000e-01,1.000000000000000000e+00
-4.655474631820999409e-01,1.850000000000022737e-01,1.000000000000000000e+00
-1.079644072254935194e+00,4.900000000000019895e-01,1.000000000000000000e+00
4.531405750838090052e-01,3.099999999999987210e-01,1.000000000000000000e+00
3.080432327927094538e-01,1.600000000000001421e-01,1.000000000000000000e+00
6.099930733231638813e-01,1.700000000000017053e-01,1.000000000000000000e+00
4.349664114515498503e-01,1.200000000000009948e-01,1.000000000000000000e+00
1.123566426278098662e+00,2.699999999999995737e-01,1.000000000000000000e+00
1.671985329217602789e+00,2.500000000000000000e-01,1.000000000000000000e+00
3.497113747131737060e-01,1.400000000000005684e-01,1.000000000000000000e+00
1.691345424125289432e+00,1.000000000000014211e-01,1.000000000000000000e+00
1.115097118376266128e+00,3.750000000000000000e-01,1.000000000000000000e+00
7.116223158246546276e-01,8.000000000000007105e-02,1.000000000000000000e+00
5.817916512248360039e-01,1.550000000000011369e-01,1.000000000000000000e+00
8.788452632139617249e-01,6.000000000000049738e-02,1.000000000000000000e+00
2.780409849993833449e-01,1.600000000000001421e-01,1.000000000000000000e+00
8.419171700679505266e-01,3.399999999999998579e-01,1.000000000000000000e+00
7.312391613908281185e-01,2.199999999999988631e-01,1.000000000000000000e+00
1.804993808446281878e-01,5.999999999999872102e-02,1.000000000000000000e+00
7.709480496965147311e-02,2.699999999999977973e-01,1.000000000000000000e+00
6.779732891403973394e-01,1.500000000000003553e-01,1.000000000000000000e+00
-1.969854452903868625e-01,1.200000000000009948e-01,1.000000000000000000e+00
-1.865457431488493745e+00,1.000000000000014211e-01,1.000000000000000000e+00
1.201171806499971906e+00,2.874999999999978684e-01,1.000000000000000000e+00
2.423580069802387271e+00,4.000000000000092371e-02,2.000000000000000000e+00
2.408089642904945205e+00,1.000000000000014211e-01,2.000000000000000000e+00
-1.160649420981189756e-01,2.400000000000002132e-01,1.000000000000000000e+00
5.038017685589060157e-01,1.600000000000001421e-01,1.000000000000000000e+00
-4.109357988380112903e-01,1.400000000000005684e-01,1.000000000000000000e+00
1.310423467299160594e+00,1.650000000000027001e-01,1.000000000000000000e+00
7.880218464461156147e-01,2.299999999999986500e-01,1.000000000000000000e+00
1.519817524266375008e-01,8.999999999999985789e-02,1.000000000000000000e+00
8.604952208436594807e-01,1.600000000000001421e-01,1.000000000000000000e+00
-1.236268938161342174e-01,1.600000000000001421e-01,1.000000000000000000e+00
5.796412832841421059e-01,2.599999999999997868e-01,1.000000000000000000e+00
1.303185659638613769e+00,9.999999999999964473e-02,1.000000000000000000e+00
7.539601136188223141e-01,1.600000000000001421e-01,1.000000000000000000e+00
7.966169976163266497e-01,3.025000000000002132e-01,1.000000000000000000e+00
2.603282949971031379e-01,1.224999999999987210e-01,1.000000000000000000e+00
4.044006677602738353e-01,7.000000000000028422e-02,1.000000000000000000e+00
-8.405853020805781339e-01,9.999999999999786837e-02,1.000000000000000000e+00
-1.964464161591637503e-01,1.400000000000005684e-01,1.000000000000000000e+00
5.163524490510391196e+00,1.699999999999999289e-01,1.000000000000000000e+00
4.294137322253871458e-01,2.225000000000001421e-01,1.000000000000000000e+00
1.785330486561480301e+00,8.999999999999985789e-02,2.000000000000000000e+00
2.400084621931277695e+00,1.200000000000009948e-01,2.000000000000000000e+00
1.549520532909195669e+00,1.499999999999985789e-01,1.000000000000000000e+00
1.948685279387914360e+00,8.000000000000007105e-02,2.000000000000000000e+00
-1.433133023423694696e-01,1.500000000000003553e-01,1.000000000000000000e+00
1.797991381098295482e+00,1.624999999999978684e-01,1.000000000000000000e+00
7.011063143397553432e-01,3.699999999999992184e-01,1.000000000000000000e+00
3.528781684925896833e-01,2.100000000000008527e-01,1.000000000000000000e+00
2.788415319661804309e-02,8.999999999999985789e-02,1.000000000000000000e+00
1.851206084272646046e-01,1.099999999999994316e-01,1.000000000000000000e+00
1.302289198751726829e-01,1.799999999999997158e-01,1.000000000000000000e+00
1.324867150777849112e+00,8.000000000000007105e-02,1.000000000000000000e+00
-5.051277242447823612e-01,2.149999999999998579e-01,1.000000000000000000e+00
3.459204242826386388e-01,3.625000000000007105e-01,1.000000000000000000e+00
1.535268039818362240e+00,1.299999999999990052e-01,1.000000000000000000e+00
-1.858757668608911062e-01,1.100000000000012079e-01,1.000000000000000000e+00
-1.195881331403751691e-01,2.300000000000004263e-01,1.000000000000000000e+00
3.438566936084146430e-01,1.124999999999989342e-01,1.000000000000000000e+00
5.109284237019513508e-01,3.200000000000002842e-01,1.000000000000000000e+00
6.546124856436195127e-01,2.299999999999986500e-01,1.000000000000000000e+00
1.131595858034535107e+00,1.924999999999990052e-01,1.000000000000000000e+00
4.647949678777016369e-01,2.850000000000001421e-01,1.000000000000000000e+00
5.037073950394165278e-01,1.799999999999997158e-01,1.000000000000000000e+00
8.973093220727150765e-01,1.299999999999990052e-01,1.000000000000000000e+00
2.689474221693962885e+00,7.000000000000028422e-02,2.000000000000000000e+00
3.598823693240695287e-01,2.800000000000011369e-01,1.000000000000000000e+00
1.159184583988237538e+00,1.799999999999997158e-01,1.000000000000000000e+00
1.208364428431704551e+00,3.025000000000002132e-01,1.000000000000000000e+00
7.800215781133578163e-01,3.724999999999987210e-01,1.000000000000000000e+00
6.939485146895806311e-01,3.224999999999980105e-01,1.000000000000000000e+00
8.177805014541146278e-01,1.000000000000014211e-01,1.000000000000000000e+00
3.848943403868156365e-01,3.000000000000007105e-01,1.000000000000000000e+00
1.485921745475897726e+00,2.099999999999972999e-01,1.000000000000000000e+00
4.895341789023970880e-01,2.250000000000014211e-01,1.000000000000000000e+00
1.377045499304380138e+00,1.500000000000003553e-01,1.000000000000000000e+00
2.234814532899178641e-01,1.300000000000007816e-01,1.000000000000000000e+00
7.201465728786298204e-01,3.500000000000014211e-01,1.000000000000000000e+00
7.112026361235729288e-01,3.425000000000011369e-01,1.000000000000000000e+00
1.544855604123479109e+00,1.099999999999994316e-01,1.000000000000000000e+00
4.376106728235938381e-01,8.999999999999985789e-02,1.000000000000000000e+00
9.187775871342920286e-01,8.000000000000007105e-02,1.000000000000000000e+00
1.830391223426861780e+00,2.275000000000009237e-01,1.000000000000000000e+00
4.849667724387967671e-01,3.399999999999998579e-01,1.000000000000000000e+00
3.243748437825059727e-01,1.000000000000014211e-01,1.000000000000000000e+00
5.651571448211160087e-01,2.774999999999998579e-01,1.000000000000000000e+00
3.289212222390976992e-01,2.300000000000004263e-01,1.000000000000000000e+00
1.507296332588589971e+00,2.100000000000008527e-01,1.000000000000000000e+00
2.023274760715433995e+00,1.199999999999992184e-01,2.000000000000000000e+00
4.771739793851788591e-01,3.625000000000007105e-01,1.000000000000000000e+00
6.967728176407649299e-01,4.325000000000009948e-01,1.000000000000000000e+00
1.611867780438148046e+00,6.000000000000049738e-02,1.000000000000000000e+00
5.364171481071314806e-01,6.250000000000000000e-02,1.000000000000000000e+00
9.603514654867145728e-01,3.524999999999991473e-01,1.000000000000000000e+00
1.373418011895324975e+00,1.700000000000017053e-01,1.000000000000000000e+00
2.159717309701666643e+00,2.300000000000004263e-01,1.000000000000000000e+00
2.784515568547716313e+00,1.600000000000001421e-01,1.000000000000000000e+00
6.522099303718398744e+00,1.625000000000014211e-01,1.000000000000000000e+00
1.658928872687792211e+00,7.000000000000028422e-02,1.000000000000000000e+00
2.563302748103243323e-01,3.599999999999994316e-01,1.000000000000000000e+00
2.518541773858127830e-01,3.200000000000002842e-01,1.000000000000000000e+00
-1.676874823623348415e-03,1.899999999999977263e-01,1.000000000000000000e+00
4.670962400931322200e-01,2.099999999999990763e-01,1.000000000000000000e+00
6.070747940197407377e-01,8.000000000000007105e-02,1.000000000000000000e+00
6.819001957085117915e-01,2.100000000000008527e-01,1.000000000000000000e+00
2.319162316009906744e-01,6.999999999999850786e-02,1.000000000000000000e+00
1.330900034883911065e+00,2.199999999999988631e-01,1.000000000000000000e+00
1.120823581765251431e+00,2.100000000000008527e-01,1.000000000000000000e+00
7.600017107890096046e-02,1.200000000000009948e-01,1.000000000000000000e+00
1.105074172478737182e+00,1.200000000000009948e-01,1.000000000000000000e+00
3.973698443711619066e-01,3.100000000000004974e-01,1.000000000000000000e+00
1.948535935242830863e+00,1.100000000000029843e-01,2.000000000000000000e+00
1.516177670724092819e+00,1.799999999999997158e-01,1.000000000000000000e+00
6.699596467310225956e-01,2.500000000000000000e-01,1.000000000000000000e+00
4.820074745478730271e+00,2.199999999999988631e-01,1.000000000000000000e+00
4.185128331650941891e-01,1.899999999999977263e-01,1.000000000000000000e+00
-1.055642026672308775e+00,9.999999999999964473e-02,1.000000000000000000e+00
6.768220194470538909e-01,1.699999999999999289e-01,1.000000000000000000e+00
5.954791350763420921e-01,1.025000000000009237e-01,1.000000000000000000e+00
-1.070561623685686747e+00,8.000000000000007105e-02,1.000000000000000000e+00
6.499292529122016049e-01,7.999999999999829470e-02,1.000000000000000000e+00
1.566047965368033479e+00,3.999999999999914735e-02,1.000000000000000000e+00
-9.032507522999359481e-03,1.299999999999990052e-01,1.000000000000000000e+00
3.434163659898794574e-01,2.199999999999988631e-01,1.000000000000000000e+00
1.656443064001558718e-01,8.999999999999985789e-02,1.000000000000000000e+00
2.668361103932744616e+00,1.274999999999977263e-01,2.000000000000000000e+00
1.054971854290104871e-01,2.400000000000019895e-01,1.000000000000000000e+00
7.087688711542169395e-01,1.699999999999999289e-01,1.000000000000000000e+00
-6.809225172844582952e-01,1.199999999999974420e-01,1.000000000000000000e+00
4.786745942874817139e-01,1.900000000000012790e-01,1.000000000000000000e+00
4.621815239555152610e-01,2.500000000000000000e-01,1.000000000000000000e+00
1.163554557255184418e+00,3.000000000000007105e-01,1.000000000000000000e+00
3.919835184872737521e-01,1.699999999999999289e-01,1.000000000000000000e+00
-5.022552416555654820e-02,1.099999999999994316e-01,1.000000000000000000e+00
4.369835673195104908e-01,3.949999999999995737e-01,1.000000000000000000e+00
-8.033944908516592598e-01,1.500000000000021316e-01,1.000000000000000000e+00
9.477797284121143584e-02,7.999999999999829470e-02,1.000000000000000000e+00
4.440267992305468175e-02,1.700000000000017053e-01,1.000000000000000000e+00
-6.404753678297722685e-02,1.699999999999999289e-01,1.000000000000000000e+00
2.032670854547658293e-02,8.999999999999985789e-02,1.000000000000000000e+00
-1.562630603685987440e-01,8.999999999999985789e-02,1.000000000000000000e+00
-3.393993291653617739e+00,1.999999999999992895e-01,1.000000000000000000e+00
8.585865466664140966e-01,3.000000000000007105e-01,1.000000000000000000e+00
9.865424849943622565e-01,2.400000000000002132e-01,1.000000000000000000e+00
5.770471248875043146e-01,4.400000000000012790e-01,1.000000000000000000e+00
8.577463053311765173e-02,1.199999999999992184e-01,1.000000000000000000e+00
1.210201968483802570e+00,9.250000000000113687e-02,1.000000000000000000e+00
7.025827430963421660e-01,2.500000000000000000e-01,1.000000000000000000e+00
1.642545345026606429e-01,1.600000000000001421e-01,1.000000000000000000e+00
4.508436766225504266e-01,3.599999999999994316e-01,1.000000000000000000e+00
-3.250673347683109005e-01,1.199999999999992184e-01,1.000000000000000000e+00
1.294029111851604741e+00,1.000000000000014211e-01,1.000000000000000000e+00
2.309644817041771159e+00,1.000000000000014211e-01,2.000000000000000000e+00
8.896353354318071727e-01,8.999999999999985789e-02,1.000000000000000000e+00
4.436121132758030772e-01,1.600000000000001421e-01,1.000000000000000000e+00
5.281058016657417253e-01,1.199999999999992184e-01,1.000000000000000000e+00
6.166737474136799735e-01,3.099999999999987210e-01,1.000000000000000000e+00
2.158668083540829785e-01,2.300000000000004263e-01,1.000000000000000000e+00
3.096303108643608248e-01,2.099999999999972999e-01,1.000000000000000000e+00
1.510585572805842602e-01,1.900000000000012790e-01,1.000000000000000000e+00
2.787734643650165989e-01,1.825000000000009948e-01,1.000000000000000000e+00
4.335061305085814443e-01,2.000000000000010658e-01,1.000000000000000000e+00
2.171376427277595500e+00,5.000000000000071054e-02,2.000000000000000000e+00
1.192052383842690383e-01,1.799999999999997158e-01,1.000000000000000000e+00
-4.722626492104881057e-01,1.300000000000007816e-01,1.000000000000000000e+00
1.015942270773427802e+00,2.600000000000015632e-01,1.000000000000000000e+00
1.076070304008056366e+00,8.999999999999985789e-02,1.000000000000000000e+00
6.346114376636314836e-01,2.500000000000000000e-01,1.000000000000000000e+00
8.244876601126065463e-01,2.500000000000000000e-01,1.000000000000000000e+00
2.071555689882582374e-01,1.999999999999992895e-01,1.000000000000000000e+00
1.239446618632120467e+00,3.075000000000009948e-01,1.000000000000000000e+00
6.200447061905250967e-01,3.249999999999992895e-01,1.000000000000000000e+00
5.493111280170561717e-01,2.899999999999991473e-01,1.000000000000000000e+00
-2.378162837458867168e-02,4.125000000000014211e-01,1.000000000000000000e+00
5.203853694498499216e-01,8.000000000000007105e-02,1.000000000000000000e+00
1.364373803492610726e+00,1.700000000000017053e-01,1.000000000000000000e+00
2.267824598446685491e-02,1.499999999999985789e-01,1.000000000000000000e+00
3.566561023462612168e-01,2.500000000000000000e-01,1.000000000000000000e+00
1.913637827318620255e-01,1.799999999999997158e-01,1.000000000000000000e+00
3.665701607083127200e-01,1.100000000000029843e-01,1.000000000000000000e+00
4.966662095485064876e-01,3.000000000000007105e-01,1.000000000000000000e+00
3.847905059756633883e-01,2.224999999999983658e-01,1.000000000000000000e+00
-5.226484671723283237e-02,2.150000000000034106e-01,1.000000000000000000e+00
4.939066501704683643e-01,2.475000000000022737e-01,1.000000000000000000e+00
9.627203358667824062e-01,2.549999999999990052e-01,1.000000000000000000e+00
2.970807583462873325e+00,8.249999999999957367e-02,2.000000000000000000e+00
2.596297970826104251e+00,1.399999999999970157e-01,1.000000000000000000e+00
5.203738233347585229e+00,1.100000000000029843e-01,1.000000000000000000e+00
9.058390227446647680e-01,2.399999999999984368e-01,1.000000000000000000e+00
4.944706152978803337e-01,2.899999999999991473e-01,1.000000000000000000e+00
4.147269710584790964e-02,1.399999999999987921e-01,1.000000000000000000e+00
1.727736828254684553e-01,2.500000000000000000e-01,1.000000000000000000e+00
1.446715292437422695e-01,3.174999999999990052e-01,1.000000000000000000e+00
1.659366578745300469e+00,8.000000000000007105e-02,1.000000000000000000e+00
1.846357912105930144e+00,8.000000000000184741e-02,2.000000000000000000e+00
2.210950189349390360e+00,2.199999999999988631e-01,1.000000000000000000e+00
1.987483584159135674e-01,2.100000000000008527e-01,1.000000000000000000e+00
4.558631822576698217e-02,3.899999999999987921e-01,1.000000000000000000e+00
9.214894863588523055e-01,1.000000000000014211e-01,1.000000000000000000e+00
2.208002397765617408e-01,1.499999999999985789e-01,1.000000000000000000e+00
1.436689262344055876e-02,3.200000000000002842e-01,1.000000000000000000e+00
3.161675296777563537e-01,7.000000000000028422e-02,1.000000000000000000e+00
5.493526085555000549e-01,2.399999999999984368e-01,1.000000000000000000e+00
2.053571633334380087e-01,1.799999999999997158e-01,1.000000000000000000e+00
4.632591838435757281e-01,3.625000000000007105e-01,1.000000000000000000e+00
8.750604217197005541e-01,1.875000000000000000e-01,1.000000000000000000e+00
6.643448976155478247e-01,2.324999999999981526e-01,1.000000000000000000e+00
5.772300819720633802e-01,2.500000000000000000e-01,1.000000000000000000e+00
4.427845300269160345e-01,3.449999999999988631e-01,1.000000000000000000e+00
4.126879178763020461e-01,3.800000000000025580e-01,1.000000000000000000e+00
4.627647131943926628e-02,1.700000000000017053e-01,1.000000000000000000e+00
3.973165002787695799e-01,9.999999999999964473e-02,1.000000000000000000e+00
4.390489080950089607e-01,1.999999999999992895e-01,1.000000000000000000e+00
-4.120847643747058142e-01,1.099999999999994316e-01,1.000000000000000000e+00
-6.185383906886054106e+00,1.600000000000001421e-01,1.000000000000000000e+00
1.233648866978462211e+00,9.999999999999964473e-02,1.000000000000000000e+00
4.309617252941784216e-01,1.999999999999992895e-01,1.000000000000000000e+00
4.348286020144198072e-01,2.699999999999995737e-01,1.000000000000000000e+00
4.819481187062009120e-01,1.899999999999977263e-01,1.000000000000000000e+00
1.426714808363729770e+00,3.999999999999914735e-02,1.000000000000000000e+00
1.438116816729069880e+00,1.074999999999999289e-01,1.000000000000000000e+00
8.528753333246325008e-01,8.000000000000007105e-02,1.000000000000000000e+00
6.988737851845142068e-02,1.899999999999977263e-01,1.000000000000000000e+00
4.647623098261467467e-01,1.099999999999994316e-01,1.000000000000000000e+00
6.757201075106618327e-02,1.799999999999997158e-01,1.000000000000000000e+00
7.410052949256186183e-01,1.199999999999974420e-01,1.000000000000000000e+00
3.647769985097030210e-01,3.100000000000022737e-01,1.000000000000000000e+00
2.118977488540012000e-01,2.600000000000015632e-01,1.000000000000000000e+00
4.178538215942357859e-01,2.724999999999990763e-01,1.000000000000000000e+00
6.729707543651387569e-01,3.099999999999987210e-01,1.000000000000000000e+00
2.443422343686907916e-01,1.900000000000012790e-01,1.000000000000000000e+00
5.883014622977854602e-01,4.400000000000012790e-01,1.000000000000000000e+00
8.397039781275601467e-01,1.200000000000009948e-01,1.000000000000000000e+00
1.120255913799512504e+00,1.100000000000012079e-01,1.000000000000000000e+00
-2.183671986466923787e-01,1.849999999999987210e-01,1.000000000000000000e+00
5.512475741028269871e-01,2.899999999999991473e-01,1.000000000000000000e+00
1.245988968585326068e-01,1.699999999999999289e-01,1.000000000000000000e+00
-5.059059339795639598e-01,1.400000000000005684e-01,1.000000000000000000e+00
6.968190212308956744e-01,1.399999999999987921e-01,1.000000000000000000e+00
6.499733518248356212e-01,2.800000000000011369e-01,1.000000000000000000e+00
-1.320523123726439207e-01,1.800000000000014921e-01,1.000000000000000000e+00
1.464088650603283970e+00,1.300000000000007816e-01,1.000000000000000000e+00
1.473964372144995982e+00,1.200000000000009948e-01,1.000000000000000000e+00
2.335788774924594691e+00,2.075000000000013500e-01,1.000000000000000000e+00
-1.910973626077641374e-01,2.699999999999995737e-01,1.000000000000000000e+00
7.580158180761209508e-01,2.174999999999993605e-01,1.000000000000000000e+00
1.817256274155080731e-01,2.100000000000008527e-01,1.000000000000000000e+00
8.418831873995665793e-01,1.999999999999992895e-01,1.000000000000000000e+00
4.769599831571528226e-01,1.699999999999999289e-01,1.000000000000000000e+00
1.193206326878531343e+00,1.999999999999992895e-01,1.000000000000000000e+00
2.392520060796553827e-01,1.000000000000014211e-01,1.000000000000000000e+00
4.191592624707540793e-01,2.749999999999985789e-01,1.000000000000000000e+00
1.808321944564449835e+00,3.999999999999914735e-02,2.000000000000000000e+00
1.801882525745072794e+00,2.125000000000021316e-01,1.000000000000000000e+00
3.793201193932699833e-01,1.200000000000009948e-01,1.000000000000000000e+00
8.620678947401648751e-01,2.825000000000006395e-01,1.000000000000000000e+00
7.419663887633326516e-01,1.799999999999997158e-01,1.000000000000000000e+00
5.929439569303343038e-01,1.925000000000007816e-01,1.000000000000000000e+00
5.200755602061042371e-01,2.624999999999992895e-01,1.000000000000000000e+00
2.536116072893437323e-01,8.249999999999957367e-02,1.000000000000000000e+00
1.177675587776424448e-01,1.299999999999990052e-01,1.000000000000000000e+00
7.985141374483140098e-01,2.274999999999991473e-01,1.000000000000000000e+00
2.428001561370849992e-01,1.299999999999990052e-01,1.000000000000000000e+00
3.578135634532595977e-01,7.000000000000028422e-02,1.000000000000000000e+00
1.729511126570108248e-01,1.500000000000021316e-01,1.000000000000000000e+00
5.833864293846484639e-01,2.349999999999994316e-01,1.000000000000000000e+00
3.538559511019697124e-01,1.425000000000000711e-01,1.000000000000000000e+00
2.082449550753042722e-01,1.999999999999992895e-01,1.000000000000000000e+00
4.863180981667630243e-01,2.199999999999988631e-01,1.000000000000000000e+00
3.334089700922918675e-01,1.500000000000003553e-01,1.000000000000000000e+00
5.481145612348859997e-01,1.200000000000009948e-01,1.000000000000000000e+00
3.824678052644181481e-01,1.199999999999992184e-01,1.000000000000000000e+00
7.008156179734797986e-01,2.000000000000028422e-01,1.000000000000000000e+00
4.667017269634488597e-01,2.475000000000004974e-01,1.000000000000000000e+00
2.805064728804621543e-01,4.600000000000008527e-01,1.000000000000000000e+00
7.740863908911719271e-01,1.200000000000009948e-01,1.000000000000000000e+00
3.455905180837100521e-01,1.725000000000029843e-01,1.000000000000000000e+00
1.081843262050489196e+00,3.149999999999977263e-01,1.000000000000000000e+00
8.148958285498492105e-01,2.925000000000004263e-01,1.000000000000000000e+00
3.724870109082122349e-01,1.299999999999990052e-01,1.000000000000000000e+00
-5.993685680033565832e-01,2.825000000000006395e-01,1.000000000000000000e+00
5.614367458979044878e-01,6.000000000000049738e-02,1.000000000000000000e+00
3.807014981674395893e-01,2.699999999999995737e-01,1.000000000000000000e+00
1.527028378719688995e+00,2.100000000000008527e-01,1.000000000000000000e+00
4.376826845582805214e-01,1.600000000000001421e-01,1.000000000000000000e+00
1.388924550090159027e+00,2.024999999999987921e-01,1.000000000000000000e+00
2.205033603678936860e+00,6.999999999999850786e-02,2.000000000000000000e+00
3.174244167524534199e-01,8.000000000000007105e-02,1.000000000000000000e+00
1.293039703432343757e+00,1.325000000000002842e-01,1.000000000000000000e+00
1.865015235796113335e-01,1.700000000000017053e-01,1.000000000000000000e+00
3.397940834908114716e-01,8.000000000000007105e-02,1.000000000000000000e+00
3.173077756818805661e-01,5.750000000000099476e-02,1.000000000000000000e+00
1.210409797335275872e+00,2.925000000000004263e-01,1.000000000000000000e+00
1.637178655995016330e+00,8.999999999999985789e-02,1.000000000000000000e+00
9.893312259163410394e-01,1.000000000000014211e-01,1.000000000000000000e+00
-3.503413621279538037e-01,2.999999999999971578e-01,1.000000000000000000e+00
-1.797007046298561110e-03,6.999999999999850786e-02,1.000000000000000000e+00
1.605969813440796257e-01,1.600000000000001421e-01,1.000000000000000000e+00
2.188905753478478822e+00,1.475000000000008527e-01,1.000000000000000000e+00
2.084038733885935912e-02,2.899999999999991473e-01,1.000000000000000000e+00
-9.800428786381004675e-01,1.400000000000005684e-01,1.000000000000000000e+00
3.639623246932082584e-02,5.250000000000021316e-02,1.000000000000000000e+00
2.271125537408764661e-01,1.649999999999991473e-01,1.000000000000000000e+00
1.379583599867536536e-01,1.900000000000012790e-01,1.000000000000000000e+00
1.040551124823988927e+00,1.950000000000002842e-01,1.000000000000000000e+00
2.500627520111113333e-01,2.599999999999980105e-01,1.000000000000000000e+00
-9.149679383606273975e-01,7.000000000000028422e-02,1.000000000000000000e+00
9.757684202784671079e-01,2.400000000000002132e-01,1.000000000000000000e+00
8.150880080859789212e-01,1.999999999999992895e-01,1.000000000000000000e+00
3.327263702923590194e-01,8.999999999999985789e-02,1.000000000000000000e+00
6.831872110873900006e-01,1.899999999999995026e-01,1.000000000000000000e+00
7.306524445031785220e+00,2.100000000000008527e-01,1.000000000000000000e+00
3.057271587842483318e-01,3.499999999999996447e-01,1.000000000000000000e+00
2.001838981334516376e-01,1.950000000000002842e-01,1.000000000000000000e+00
2.858067883699026535e+00,6.000000000000049738e-02,2.000000000000000000e+00
5.700312813838029902e-01,4.399999999999995026e-01,1.000000000000000000e+00
5.635543739116037898e-01,1.950000000000020606e-01,1.000000000000000000e+00
1.098628779934442967e+00,1.800000000000014921e-01,1.000000000000000000e+00
2.044187248832328940e+00,1.199999999999974420e-01,2.000000000000000000e+00
3.053110145431781053e+00,3.000000000000007105e-01,1.000000000000000000e+00
3.103207209902933972e-01,1.899999999999977263e-01,1.000000000000000000e+00
1.595769135936911665e-01,1.299999999999990052e-01,1.000000000000000000e+00
1.055635979740263686e+00,4.100000000000001421e-01,1.000000000000000000e+00
1.396474965395792800e-01,1.200000000000009948e-01,1.000000000000000000e+00
6.805679246275779803e-01,1.399999999999987921e-01,1.000000000000000000e+00
1.520627199590946388e+00,1.399999999999987921e-01,1.000000000000000000e+00
6.677628594086072455e-01,2.200000000000006395e-01,1.000000000000000000e+00
5.202184602304861238e-01,3.699999999999974420e-01,1.000000000000000000e+00
1.913645294354681947e-01,1.425000000000000711e-01,1.000000000000000000e+00
2.382025804509817213e-01,2.000000000000010658e-01,1.000000000000000000e+00
2.758002807165525483e-01,2.500000000000000000e-01,1.000000000000000000e+00
7.077976996850848801e-01,2.375000000000007105e-01,1.000000000000000000e+00
4.445654116428784941e-01,2.874999999999996447e-01,1.000000000000000000e+00
1.146851714291065694e+00,2.575000000000002842e-01,1.000000000000000000e+00
1.964305611758824011e+00,1.000000000000014211e-01,2.000000000000000000e+00
3.334727013570698562e-01,1.400000000000005684e-01,1.000000000000000000e+00
1.442357836421565898e+00,1.099999999999994316e-01,1.000000000000000000e+00
2.632258155784166775e-01,1.899999999999995026e-01,1.000000000000000000e+00
3.948607529969089258e-01,2.500000000000000000e-01,1.000000000000000000e+00
2.226834671176597169e+00,1.675000000000004263e-01,1.000000000000000000e+00
2.315818108558008181e-01,6.999999999999850786e-02,1.000000000000000000e+00
2.311959603058624246e-01,1.199999999999974420e-01,1.000000000000000000e+00
7.741724461591108497e-01,1.400000000000005684e-01,1.000000000000000000e+00
3.403764680573648782e-01,1.299999999999990052e-01,1.000000000000000000e+00
8.722622457098989646e-01,2.099999999999990763e-01,1.000000000000000000e+00
4.019775706131946680e-01,1.099999999999994316e-01,1.000000000000000000e+00
4.071727061790090807e-01,3.799999999999990052e-01,1.000000000000000000e+00
3.586415395203602641e-01,3.249999999999992895e-01,1.000000000000000000e+00
2.524192623662677160e-01,3.000000000000007105e-01,1.000000000000000000e+00
4.678938114488422340e-01,1.100000000000012079e-01,1.000000000000000000e+00
1.032041460149141887e+00,1.899999999999977263e-01,1.000000000000000000e+00
3.860462614066495490e-01,1.300000000000025580e-01,1.000000000000000000e+00
1.702710128584277727e-01,7.499999999999928946e-02,1.000000000000000000e+00
3.265138257808358979e+00,3.224999999999980105e-01,1.000000000000000000e+00
7.883416227677955135e-01,2.699999999999995737e-01,1.000000000000000000e+00
4.537377693332411005e-02,1.050000000000004263e-01,1.000000000000000000e+00
2.302011361298346437e-01,2.699999999999995737e-01,1.000000000000000000e+00
2.350377814504307772e-01,1.100000000000012079e-01,1.000000000000000000e+00
1.190027686294456016e-01,9.499999999999886313e-02,1.000000000000000000e+00
8.827937114747298752e-02,9.999999999999786837e-02,1.000000000000000000e+00
2.670925557444885357e-01,1.400000000000005684e-01,1.000000000000000000e+00
1.133964630407716001e+00,1.799999999999997158e-01,1.000000000000000000e+00
7.899970291301895431e-01,2.199999999999988631e-01,1.000000000000000000e+00
3.174109684352003913e-01,1.600000000000001421e-01,1.000000000000000000e+00
2.906986047722071587e-01,8.999999999999985789e-02,1.000000000000000000e+00
4.233287362553874167e-01,1.700000000000017053e-01,1.000000000000000000e+00
2.156068710800480126e+00,6.500000000000127898e-02,2.000000000000000000e+00
1.945136790118928705e-01,1.749999999999989342e-01,1.000000000000000000e+00
7.530268717030134951e-02,6.000000000000049738e-02,1.000000000000000000e+00
1.252748956834510929e+00,2.149999999999998579e-01,1.000000000000000000e+00
8.864635257976372085e-01,2.199999999999988631e-01,1.000000000000000000e+00
2.885379196644866528e+00,3.000000000000113687e-02,2.000000000000000000e+00
3.996567177470807808e-01,1.099999999999994316e-01,1.000000000000000000e+00
-2.139623074873747699e-02,1.600000000000001421e-01,1.000000000000000000e+00
9.693254712835748244e-01,1.400000000000005684e-01,1.000000000000000000e+00
6.308282979519176381e-01,1.449999999999995737e-01,1.000000000000000000e+00
1.197321826754793150e+00,2.100000000000008527e-01,1.000000000000000000e+00
6.423066694562021839e-01,2.299999999999968736e-01,1.000000000000000000e+00
5.530452481331694647e-01,1.749999999999989342e-01,1.000000000000000000e+00
-3.764250105987130418e-02,1.199999999999992184e-01,1.000000000000000000e+00
1.734573499014906428e+00,3.999999999999985789e-01,1.000000000000000000e+00
1.021756956581009318e-01,9.750000000000014211e-02,1.000000000000000000e+00
4.100872614625012957e+00,7.000000000000028422e-02,1.000000000000000000e+00
3.860477419615992445e-01,1.600000000000019185e-01,1.000000000000000000e+00
7.342470900615929996e-02,1.699999999999999289e-01,1.000000000000000000e+00
4.720671833810626272e-01,9.999999999999964473e-02,1.000000000000000000e+00
2.418503950537783942e-01,1.750000000000007105e-01,1.000000000000000000e+00
6.177453280852723827e-01,2.000000000000010658e-01,1.000000000000000000e+00
4.070412557943018927e-01,1.600000000000001421e-01,1.000000000000000000e+00
4.262364166343927674e-01,3.000000000000113687e-02,1.000000000000000000e+00
4.008899312006540261e-01,2.300000000000004263e-01,1.000000000000000000e+00
9.728411570148636223e-01,2.175000000000011369e-01,1.000000000000000000e+00
-3.922183087528807732e-02,2.400000000000019895e-01,1.000000000000000000e+00
2.147029790212847677e-01,8.999999999999985789e-02,1.000000000000000000e+00
7.557132584784342910e-01,2.175000000000011369e-01,1.000000000000000000e+00
9.004478968210503087e-01,3.674999999999997158e-01,1.000000000000000000e+00
5.991336203702555402e-02,2.375000000000007105e-01,1.000000000000000000e+00
8.116322339670730690e-01,2.100000000000008527e-01,1.000000000000000000e+00
4.096535203819113846e-01,1.000000000000014211e-01,1.000000000000000000e+00
3.200779115528452068e-01,1.299999999999990052e-01,1.000000000000000000e+00
-4.069079762609555950e-01,9.999999999999964473e-02,1.000000000000000000e+00
1.764348771966036400e-01,6.000000000000049738e-02,1.000000000000000000e+00
1.141035543510606765e+00,1.799999999999997158e-01,1.000000000000000000e+00
9.607095114816997794e-02,1.299999999999990052e-01,1.000000000000000000e+00
7.452195460796076087e-01,2.049999999999982947e-01,1.000000000000000000e+00
8.444974539904351873e-01,3.599999999999994316e-01,1.000000000000000000e+00
6.092551771984531239e-01,1.799999999999997158e-01,1.000000000000000000e+00
7.277629075623649468e-01,1.100000000000012079e-01,1.000000000000000000e+00
7.808483369096579363e-01,1.399999999999987921e-01,1.000000000000000000e+00
1.355239716473461087e+00,2.074999999999995737e-01,1.000000000000000000e+00
2.286237718176393763e+00,7.999999999999829470e-02,2.000000000000000000e+00
6.357972663654730683e-01,3.300000000000018474e-01,1.000000000000000000e+00
9.369110541761030420e-02,7.750000000000056843e-02,1.000000000000000000e+00
4.103159556245394857e-01,2.174999999999993605e-01,1.000000000000000000e+00
4.196613813981114882e-01,1.000000000000014211e-01,1.000000000000000000e+00
2.072426771009871604e+00,7.000000000000028422e-02,2.000000000000000000e+00
3.530061349020503086e-02,1.099999999999994316e-01,1.000000000000000000e+00
1.694020123376685227e-01,2.200000000000006395e-01,1.000000000000000000e+00
1.756774251968293565e-01,1.949999999999967315e-01,1.000000000000000000e+00
7.652727827019497608e-01,1.699999999999981526e-01,1.000000000000000000e+00
7.612218297066093431e-01,4.849999999999994316e-01,1.000000000000000000e+00
-1.846915011175238319e-01,1.700000000000017053e-01,1.000000000000000000e+00
1.056105318333755566e-01,4.999999999999893419e-02,1.000000000000000000e+00
7.178808005428509720e-01,3.125000000000000000e-01,1.000000000000000000e+00
-3.376115139182309099e-02,7.000000000000028422e-02,1.000000000000000000e+00
-4.476962499358773662e-01,1.699999999999999289e-01,1.000000000000000000e+00
1.226315299263591507e+00,1.249999999999982236e-01,1.000000000000000000e+00
2.357169625889378839e+00,1.699999999999981526e-01,1.000000000000000000e+00
3.783206541650457333e-01,7.000000000000028422e-02,1.000000000000000000e+00
5.193533231830850250e-01,3.849999999999980105e-01,1.000000000000000000e+00
9.794604439757250702e-01,3.299999999999982947e-01,1.000000000000000000e+00
1.164390735677742900e-01,2.399999999999984368e-01,1.000000000000000000e+00
7.162055699678960830e-01,9.999999999999964473e-02,1.000000000000000000e+00
3.128111726347969079e-01,8.999999999999985789e-02,1.000000000000000000e+00
1.939047578200652877e+00,8.999999999999985789e-02,2.000000000000000000e+00
-3.880075403150071850e-02,1.099999999999994316e-01,1.000000000000000000e+00
1.227024374164493947e+00,1.199999999999974420e-01,1.000000000000000000e+00
5.456549406093638144e-01,2.124999999999985789e-01,1.000000000000000000e+00
1.476684649163939822e+00,1.600000000000001421e-01,1.000000000000000000e+00
3.421365150848061920e-01,6.000000000000049738e-02,1.000000000000000000e+00
2.186908797419454265e-01,2.699999999999995737e-01,1.000000000000000000e+00
9.186159708039811633e-01,2.975000000000012079e-01,1.000000000000000000e+00
6.941627435274885793e-02,5.250000000000021316e-02,1.000000000000000000e+00
8.559812984383246004e-01,2.300000000000004263e-01,1.000000000000000000e+00
1.186906418521218587e+00,1.325000000000002842e-01,1.000000000000000000e+00
1.026381139292692653e-02,1.600000000000001421e-01,1.000000000000000000e+00
-8.360004761928950534e-02,8.999999999999985789e-02,1.000000000000000000e+00
-3.907018658982457093e-02,1.199999999999974420e-01,1.000000000000000000e+00
-2.872101867481154369e-01,7.000000000000028422e-02,1.000000000000000000e+00
3.603533179885949789e+00,4.249999999999864997e-02,2.000000000000000000e+00
3.006962268941488214e-01,3.900000000000005684e-01,1.000000000000000000e+00
7.745287549404423766e-01,2.999999999999971578e-01,1.000000000000000000e+00
1.231085315441244221e+00,3.024999999999984368e-01,1.000000000000000000e+00
-3.747981126091626258e+00,1.575000000000024158e-01,1.000000000000000000e+00
5.173325642863362273e-01,1.600000000000001421e-01,1.000000000000000000e+00
2.271307629440766807e+00,7.000000000000028422e-02,2.000000000000000000e+00
-7.786423790495392017e-02,8.999999999999985789e-02,1.000000000000000000e+00
2.433312490020586694e+00,8.249999999999957367e-02,2.000000000000000000e+00
-2.270550506159111637e-01,1.100000000000012079e-01,1.000000000000000000e+00
6.205979765761719946e-01,1.299999999999990052e-01,1.000000000000000000e+00
5.006169592859117667e-01,2.599999999999997868e-01,1.000000000000000000e+00
1.726413025425860726e+00,1.500000000000003553e-01,1.000000000000000000e+00
-3.261174291980337259e+00,1.999999999999992895e-01,1.000000000000000000e+00
5.117696497895573016e-01,1.600000000000001421e-01,1.000000000000000000e+00
1.969321949085305556e+00,8.000000000000184741e-02,2.000000000000000000e+00
-1.889263408829785273e+00,1.000000000000014211e-01,1.000000000000000000e+00
7.203488523273809951e-01,4.499999999999992895e-01,1.000000000000000000e+00
4.544269571818034814e-01,2.300000000000004263e-01,1.000000000000000000e+00
-2.016649490861517069e-01,1.000000000000014211e-01,1.000000000000000000e+00
9.796211761790799555e-01,2.375000000000007105e-01,1.000000000000000000e+00
5.871850444259476554e-01,9.999999999999964473e-02,1.000000000000000000e+00
3.712122618402581842e-01,3.700000000000009948e-01,1.000000000000000000e+00
7.145600704658398028e-01,1.100000000000012079e-01,1.000000000000000000e+00
3.049479393035662289e-01,2.700000000000013500e-01,1.000000000000000000e+00
2.980464756331135057e+00,2.999999999999936051e-02,2.000000000000000000e+00
5.033249530281268536e-01,2.875000000000014211e-01,1.000000000000000000e+00
4.390382011533814910e-01,5.000000000000071054e-02,1.000000000000000000e+00
4.391075715924563916e-01,2.674999999999982947e-01,1.000000000000000000e+00
3.847403654131042461e-01,6.999999999999850786e-02,1.000000000000000000e+00
4.575083118513358360e-01,1.374999999999992895e-01,1.000000000000000000e+00
3.489395584233074832e-01,1.799999999999997158e-01,1.000000000000000000e+00
3.787029822446706939e-01,1.300000000000007816e-01,1.000000000000000000e+00
1.040201194837141241e+00,2.550000000000025580e-01,1.000000000000000000e+00
2.767657983835081215e-01,1.999999999999992895e-01,1.000000000000000000e+00
2.834332038522942576e-01,2.575000000000002842e-01,1.000000000000000000e+00
9.350530186824261847e-01,1.400000000000005684e-01,1.000000000000000000e+00
1.342536861958934513e-01,1.675000000000004263e-01,1.000000000000000000e+00
5.947008785601356484e-01,1.299999999999990052e-01,1.000000000000000000e+00
4.838094692855004486e-01,2.699999999999995737e-01,1.000000000000000000e+00
5.308779473683329364e-01,1.799999999999997158e-01,1.000000000000000000e+00
6.346133154391954134e-01,1.699999999999981526e-01,1.000000000000000000e+00
3.615647396552374992e-01,2.574999999999985079e-01,1.000000000000000000e+00
1.483919739783728264e+00,1.550000000000011369e-01,1.000000000000000000e+00
9.025399394543900389e-01,1.500000000000021316e-01,1.000000000000000000e+00
5.148144482966998670e-01,4.400000000000012790e-01,1.000000000000000000e+00
1.181237952190613116e+00,4.000000000000021316e-01,1.000000000000000000e+00
1.021411343946191597e+00,2.600000000000015632e-01,1.000000000000000000e+00
1.423791015916727742e+00,8.999999999999985789e-02,1.000000000000000000e+00
-1.861536552969409591e-02,9.999999999999964473e-02,1.000000000000000000e+00
2.419770761509272727e+00,6.999999999999850786e-02,2.000000000000000000e+00
1.048846807065946019e+00,2.500000000000000000e-01,1.000000000000000000e+00
-8.768382555044713644e-01,9.999999999999964473e-02,1.000000000000000000e+00
-4.293403277921482852e-02,2.199999999999988631e-01,1.000000000000000000e+00
7.039417683812482229e-01,3.100000000000004974e-01,1.000000000000000000e+00
6.342425721232024527e-01,8.000000000000007105e-02,1.000000000000000000e+00
8.278545321252077649e-01,1.999999999999992895e-01,1.000000000000000000e+00
-3.948584498251609953e-01,2.599999999999980105e-01,1.000000000000000000e+00
2.943508330367191839e+00,4.750000000000120792e-02,2.000000000000000000e+00
3.800729357498941474e-01,1.499999999999985789e-01,1.000000000000000000e+00
1.481964452006710384e-02,6.000000000000049738e-02,1.000000000000000000e+00
7.558593762407850303e-01,3.249999999999992895e-01,1.000000000000000000e+00
5.150073923644747920e-01,1.600000000000001421e-01,1.000000000000000000e+00
3.183741152290220922e-01,3.425000000000011369e-01,1.000000000000000000e+00
1.207326029884178420e-01,2.600000000000015632e-01,1.000000000000000000e+00
5.249202669475077077e-01,1.699999999999999289e-01,1.000000000000000000e+00
4.077497727330796629e-01,1.799999999999997158e-01,1.000000000000000000e+00
2.891271502433004348e-01,1.799999999999997158e-01,1.000000000000000000e+00
1.110836352438618002e+00,1.750000000000007105e-01,1.000000000000000000e+00
2.528910898174963617e-01,1.575000000000006395e-01,1.000000000000000000e+00
1.073814982717590794e-01,1.900000000000012790e-01,1.000000000000000000e+00
2.569890004282066709e+00,8.999999999999985789e-02,2.000000000000000000e+00
9.924034044039640179e-01,3.275000000000005684e-01,1.000000000000000000e+00
6.600244278734025416e-01,2.450000000000009948e-01,1.000000000000000000e+00
8.727101110398238770e-01,2.700000000000013500e-01,1.000000000000000000e+00
3.499922772246851110e+00,6.000000000000227374e-02,2.000000000000000000e+00
4.416603333377974394e+00,1.200000000000009948e-01,1.000000000000000000e+00
6.712076666409099168e-01,1.974999999999997868e-01,1.000000000000000000e+00
5.693512953259278753e-01,3.100000000000004974e-01,1.000000000000000000e+00
7.026321326381395060e-01,2.300000000000004263e-01,1.000000000000000000e+00
8.694071907578357905e-01,2.274999999999991473e-01,1.000000000000000000e+00
-4.119193810041515795e-03,1.474999999999990763e-01,1.000000000000000000e+00
1.571329276915811313e-01,1.099999999999994316e-01,1.000000000000000000e+00
-5.854012847975923473e-01,1.925000000000007816e-01,1.000000000000000000e+00
1.530447065611091562e+00,2.100000000000008527e-01,1.000000000000000000e+00
8.059005862401679154e-01,3.299999999999982947e-01,1.000000000000000000e+00
3.803264741548894046e-01,4.149999999999991473e-01,1.000000000000000000e+00
4.665601872928717420e-01,1.199999999999992184e-01,1.000000000000000000e+00
5.801310293095026660e-01,2.700000000000013500e-01,1.000000000000000000e+00
-3.470895594998698458e-02,2.300000000000004263e-01,1.000000000000000000e+00
4.492712068573461726e-01,1.600000000000001421e-01,1.000000000000000000e+00
4.638565252999138355e-01,1.799999999999997158e-01,1.000000000000000000e+00
3.087046149170982190e-01,2.500000000000000000e-01,1.000000000000000000e+00
3.093299402714685953e-01,4.125000000000014211e-01,1.000000000000000000e+00
-1.153392608710063882e+00,2.825000000000024158e-01,1.000000000000000000e+00
1.812081761131047464e-01,1.400000000000005684e-01,1.000000000000000000e+00
6.594886589691173473e-01,3.300000000000018474e-01,1.000000000000000000e+00
1.772984077995244656e-01,1.699999999999999289e-01,1.000000000000000000e+00
-2.588805163877037629e-01,1.100000000000029843e-01,1.000000000000000000e+00
8.779754908659305468e-02,9.999999999999964473e-02,1.000000000000000000e+00
1.947691588924393091e+00,8.000000000000007105e-02,2.000000000000000000e+00
3.849142081534931426e-01,2.300000000000004263e-01,1.000000000000000000e+00
6.959174479323680940e-01,1.500000000000003553e-01,1.000000000000000000e+00
3.449633139641514745e-01,3.000000000000007105e-01,1.000000000000000000e+00
1.101105517596823874e-01,8.999999999999985789e-02,1.000000000000000000e+00
3.614069005011013025e-01,8.000000000000184741e-02,1.000000000000000000e+00
-7.317035077828616396e-01,1.600000000000001421e-01,1.000000000000000000e+00
4.132000980347138031e-01,2.400000000000019895e-01,1.000000000000000000e+00
4.063122369485150931e-01,3.399999999999998579e-01,1.000000000000000000e+00
6.630461610614546419e-01,3.800000000000007816e-01,1.000000000000000000e+00
3.079316721472044716e+00,8.000000000000007105e-02,2.000000000000000000e+00
9.059159458868090153e-01,3.299999999999982947e-01,1.000000000000000000e+00
1.029858101522697078e+00,1.374999999999975131e-01,1.000000000000000000e+00
4.013257394283078483e-01,1.900000000000012790e-01,1.000000000000000000e+00
1.521640747836992547e-01,1.500000000000003553e-01,1.000000000000000000e+00
2.361491009979896638e-01,1.200000000000009948e-01,1.000000000000000000e+00
2.667299293792768644e+00,8.000000000000007105e-02,2.000000000000000000e+00
3.192695434063467230e-01,3.500000000000014211e-01,1.000000000000000000e+00
9.363863765904105463e-02,2.300000000000004263e-01,1.000000000000000000e+00
1.015643560544234436e+00,2.399999999999984368e-01,1.000000000000000000e+00
2.024505969929617510e-01,1.199999999999992184e-01,1.000000000000000000e+00
4.176793401401740491e-01,1.949999999999967315e-01,1.000000000000000000e+00
4.610350817995524930e-01,1.200000000000009948e-01,1.000000000000000000e+00
4.722112890566051435e-01,3.299999999999982947e-01,1.000000000000000000e+00
2.032203171321108059e-01,8.000000000000007105e-02,1.000000000000000000e+00
1.959641376512520905e-01,1.600000000000001421e-01,1.000000000000000000e+00
1.740468162853487488e+00,9.999999999999964473e-02,1.000000000000000000e+00
5.725658392862674750e-01,1.200000000000009948e-01,1.000000000000000000e+00
3.533567787399395921e-01,3.449999999999988631e-01,1.000000000000000000e+00
1.158749940419026458e+00,3.200000000000002842e-01,1.000000000000000000e+00
3.403993192382075983e-01,2.199999999999988631e-01,1.000000000000000000e+00
3.864464944545824565e-01,1.699999999999999289e-01,1.000000000000000000e+00
2.433833710898513913e-01,1.499999999999985789e-01,1.000000000000000000e+00
5.441181521156718270e-01,3.299999999999982947e-01,1.000000000000000000e+00
1.016067973977883426e-01,2.400000000000002132e-01,1.000000000000000000e+00
8.541649065773844196e-01,1.900000000000012790e-01,1.000000000000000000e+00
2.511800748003480410e-01,2.800000000000011369e-01,1.000000000000000000e+00
6.654616642244123303e-01,1.200000000000009948e-01,1.000000000000000000e+00
4.349805327605700822e-01,1.775000000000002132e-01,1.000000000000000000e+00
1.468473605550415950e+00,3.999999999999914735e-02,1.000000000000000000e+00
-8.315424900274566433e-02,1.400000000000005684e-01,1.000000000000000000e+00
-1.466206064711073898e-01,9.999999999999964473e-02,1.000000000000000000e+00
2.050951845037025656e+00,1.299999999999990052e-01,2.000000000000000000e+00
1.812850143636200173e-01,5.999999999999872102e-02,1.000000000000000000e+00
1.765130166255450272e-01,1.200000000000009948e-01,1.000000000000000000e+00
5.112924513107319768e-01,4.299999999999997158e-01,1.000000000000000000e+00
3.697934309450055523e-01,9.999999999999964473e-02,1.000000000000000000e+00
2.112188692739280504e-01,1.999999999999992895e-01,1.000000000000000000e+00
1.327157232202152315e+00,5.000000000000071054e-02,1.000000000000000000e+00
1.216051958035769376e+00,2.200000000000006395e-01,1.000000000000000000e+00
8.165448876566420155e-01,3.499999999999996447e-01,1.000000000000000000e+00
-7.271581071902857201e-04,1.500000000000003553e-01,1.000000000000000000e+00
3.122463409197124840e-01,2.100000000000008527e-01,1.000000000000000000e+00
-1.406592944798624734e-01,1.300000000000007816e-01,1.000000000000000000e+00
3.460660067408230511e-01,2.199999999999988631e-01,1.000000000000000000e+00
1.000244747719601479e+00,1.600000000000001421e-01,1.000000000000000000e+00
5.438767869374532271e-01,3.600000000000012079e-01,1.000000000000000000e+00
6.897195546379141229e-01,1.099999999999994316e-01,1.000000000000000000e+00
2.857918631189975689e-01,1.600000000000001421e-01,1.000000000000000000e+00
7.197928537319653319e-01,6.000000000000049738e-02,1.000000000000000000e+00
7.902342356727973804e-01,2.799999999999993605e-01,1.000000000000000000e+00
1.843432992852943042e-01,2.199999999999988631e-01,1.000000000000000000e+00
-1.821740028487709218e+00,1.100000000000012079e-01,1.000000000000000000e+00
-2.942969050467994160e-02,1.500000000000021316e-01,1.000000000000000000e+00
1.761001212527553983e-01,1.299999999999990052e-01,1.000000000000000000e+00
4.426264573393801638e-01,2.125000000000003553e-01,1.000000000000000000e+00
2.228127907315364808e+00,1.799999999999997158e-01,1.000000000000000000e+00
1.365482579949465758e-01,1.699999999999981526e-01,1.000000000000000000e+00
-9.539579600988447317e-02,1.100000000000012079e-01,1.000000000000000000e+00
2.328466409949500715e+00,6.000000000000049738e-02,2.000000000000000000e+00
1.399875584877465218e-01,1.000000000000014211e-01,1.000000000000000000e+00
2.735115125300394689e-01,1.099999999999994316e-01,1.000000000000000000e+00
3.028058662670583545e-01,1.699999999999999289e-01,1.000000000000000000e+00
-4.468130411276317188e-02,5.000000000000071054e-02,1.000000000000000000e+00
1.963141078441430709e+00,2.300000000000004263e-01,1.000000000000000000e+00
2.687930422639466244e-01,1.099999999999994316e-01,1.000000000000000000e+00
7.287477437609070074e-01,1.299999999999990052e-01,1.000000000000000000e+00
6.833246019944828609e-01,1.949999999999985079e-01,1.000000000000000000e+00
9.056428860952479010e-01,3.200000000000002842e-01,1.000000000000000000e+00
1.172299439233322804e+00,1.150000000000002132e-01,1.000000000000000000e+00
1.634190436972021987e-01,9.999999999999786837e-02,1.000000000000000000e+00
1.958591540166858824e-01,8.000000000000007105e-02,1.000000000000000000e+00
3.860234846356078164e-01,2.199999999999988631e-01,1.000000000000000000e+00
3.094047592397706214e+00,1.700000000000017053e-01,1.000000000000000000e+00
7.905411515531935995e-01,2.699999999999995737e-01,1.000000000000000000e+00
1.944788958455340722e-01,2.749999999999985789e-01,1.000000000000000000e+00
2.790574363739261710e+00,1.600000000000036948e-01,1.000000000000000000e+00
5.055805180594945547e-01,2.450000000000009948e-01,1.000000000000000000e+00
1.617252131045692654e+00,6.499999999999950262e-02,1.000000000000000000e+00
5.361764689037703535e-01,8.000000000000007105e-02,1.000000000000000000e+00
7.514540768635241674e-01,2.399999999999984368e-01,1.000000000000000000e+00
5.026689768803130898e-01,2.400000000000002132e-01,1.000000000000000000e+00
6.844409652269378697e-01,3.200000000000002842e-01,1.000000000000000000e+00
-2.088395714399411685e-02,1.699999999999999289e-01,1.000000000000000000e+00
5.607638665062177896e-01,3.249999999999992895e-01,1.000000000000000000e+00
5.094709042007729005e-01,1.799999999999997158e-01,1.000000000000000000e+00
4.530377135357725460e-01,2.299999999999986500e-01,1.000000000000000000e+00
1.325833692044823930e+00,9.500000000000241585e-02,1.000000000000000000e+00
5.221607228575587678e-01,1.050000000000004263e-01,1.000000000000000000e+00
3.954562608352968356e-01,1.499999999999985789e-01,1.000000000000000000e+00
7.444780601015087429e-01,2.124999999999985789e-01,1.000000000000000000e+00
1.260167196981044846e+00,2.975000000000029843e-01,1.000000000000000000e+00
7.840564948548706115e-01,1.900000000000012790e-01,1.000000000000000000e+00
7.570958301623401665e-01,1.849999999999987210e-01,1.000000000000000000e+00
7.410396528264115990e-01,1.224999999999987210e-01,1.000000000000000000e+00
1.506893998256431777e+00,5.999999999999872102e-02,1.000000000000000000e+00
8.405963845482697372e-02,1.200000000000009948e-01,1.000000000000000000e+00
7.722020563952715078e-01,2.400000000000002132e-01,1.000000000000000000e+00
1.086102293786141426e-01,1.299999999999990052e-01,1.000000000000000000e+00
4.927062576857286214e-01,1.750000000000007105e-01,1.000000000000000000e+00
7.640505491092712820e-01,4.100000000000001421e-01,1.000000000000000000e+00
1.708751235110126165e+00,1.549999999999993605e-01,1.000000000000000000e+00
3.602593459410655119e-01,3.200000000000020606e-01,1.000000000000000000e+00
2.654471938470377435e-01,2.200000000000024158e-01,1.000000000000000000e+00
-5.458736090310861017e-02,8.249999999999957367e-02,1.000000000000000000e+00
1.188607023056325040e-01,1.624999999999996447e-01,1.000000000000000000e+00
8.879098507723413858e-02,1.199999999999992184e-01,1.000000000000000000e+00
2.813101415491883195e-01,1.850000000000004974e-01,1.000000000000000000e+00
8.013177849582030221e-02,2.699999999999995737e-01,1.000000000000000000e+00
3.861601053632366387e-01,3.200000000000002842e-01,1.000000000000000000e+00
4.176401120855199323e-01,1.249999999999982236e-01,1.000000000000000000e+00
-1.976987657984335678e-01,8.000000000000007105e-02,1.000000000000000000e+00
8.787957241979136302e-01,2.200000000000024158e-01,1.000000000000000000e+00
1.857075111753385022e+00,1.699999999999999289e-01,1.000000000000000000e+00
7.915071377415177079e-01,2.050000000000000711e-01,1.000000000000000000e+00
5.500380402884034403e+00,1.825000000000009948e-01,1.000000000000000000e+00
1.030604761721223978e-01,5.499999999999971578e-02,1.000000000000000000e+00
2.248163210095145415e-01,2.650000000000005684e-01,1.000000000000000000e+00
4.750881831209845529e-01,1.899999999999977263e-01,1.000000000000000000e+00
6.538990404612973206e-01,1.050000000000004263e-01,1.000000000000000000e+00
1.292814047953574907e-01,2.524999999999995026e-01,1.000000000000000000e+00
1.262054586867354056e+00,2.625000000000010658e-01,1.000000000000000000e+00
5.493259636846824501e-01,8.999999999999985789e-02,1.000000000000000000e+00
6.486973890488213490e-01,4.500000000000010658e-01,1.000000000000000000e+00
6.226982239094176752e-02,1.899999999999995026e-01,1.000000000000000000e+00
1.241483733200559936e+00,1.299999999999990052e-01,1.000000000000000000e+00
7.488400789627912557e-01,2.775000000000016342e-01,1.000000000000000000e+00
1.115770467406333122e+00,2.125000000000003553e-01,1.000000000000000000e+00
9.256942522912290361e-01,3.324999999999995737e-01,1.000000000000000000e+00
1.187039104742544371e+00,2.125000000000003553e-01,1.000000000000000000e+00
3.033503275513883546e-01,2.325000000000017053e-01,1.000000000000000000e+00
5.338223601290884579e-01,2.750000000000021316e-01,1.000000000000000000e+00
1.110803934406843878e-02,7.249999999999978684e-02,1.000000000000000000e+00
5.571941426485923499e-01,9.250000000000113687e-02,1.000000000000000000e+00
3.737608226830365643e-01,2.024999999999970157e-01,1.000000000000000000e+00
7.268682261885860418e-01,2.724999999999990763e-01,1.000000000000000000e+00
1.548770270006725180e+00,1.099999999999994316e-01,1.000000000000000000e+00
1.218518339113710880e+00,2.224999999999983658e-01,1.000000000000000000e+00
1.458079864087939992e-01,1.700000000000017053e-01,1.000000000000000000e+00
8.095055971928069583e-02,1.899999999999995026e-01,1.000000000000000000e+00
1.003261651268025023e+00,2.300000000000004263e-01,1.000000000000000000e+00
2.479036234285188767e-01,9.999999999999964473e-02,1.000000000000000000e+00
8.530664168567964056e-01,2.400000000000019895e-01,1.000000000000000000e+00
5.618147989887612992e-01,1.800000000000014921e-01,1.000000000000000000e+00
5.638468093240092127e-01,1.299999999999990052e-01,1.000000000000000000e+00
7.057154225702485517e-01,6.000000000000049738e-02,1.000000000000000000e+00
1.179889967652390098e-01,1.099999999999994316e-01,1.000000000000000000e+00
6.152833269139228456e-01,3.799999999999990052e-01,1.000000000000000000e+00
9.749375964049507015e-01,9.250000000000113687e-02,1.000000000000000000e+00
1.305084819819332775e+00,8.999999999999985789e-02,1.000000000000000000e+00
1.097229430792389548e+00,8.999999999999985789e-02,1.000000000000000000e+00
1.302944038284976347e-01,3.300000000000000711e-01,1.000000000000000000e+00
3.671924076159313044e-01,1.999999999999992895e-01,1.000000000000000000e+00
2.672468879555752741e-01,1.799999999999997158e-01,1.000000000000000000e+00
-6.194899952726035108e-01,3.399999999999998579e-01,1.000000000000000000e+00
4.598483929159409844e-01,2.500000000000000000e-01,1.000000000000000000e+00
7.166030097916347152e-01,1.600000000000001421e-01,1.000000000000000000e+00
4.306169060929098680e-01,2.550000000000007816e-01,1.000000000000000000e+00
1.428026223042310194e+00,1.099999999999994316e-01,1.000000000000000000e+00
5.945596702402153877e-01,4.550000000000000711e-01,1.000000000000000000e+00
4.686111247182982997e-01,2.349999999999994316e-01,1.000000000000000000e+00
7.911057082578838440e-01,9.999999999999786837e-02,1.000000000000000000e+00
1.440816061091491962e+00,1.500000000000003553e-01,1.000000000000000000e+00
4.303938745813934430e-01,1.975000000000015632e-01,1.000000000000000000e+00
-1.073126418908677965e-01,9.999999999999964473e-02,1.000000000000000000e+00
7.481692581059334879e-01,2.375000000000007105e-01,1.000000000000000000e+00
4.685332269452778253e-01,2.275000000000009237e-01,1.000000000000000000e+00
5.978693682141185128e-01,2.675000000000000711e-01,1.000000000000000000e+00
1.003672718291490407e+00,2.850000000000001421e-01,1.000000000000000000e+00
3.510192040029413429e-01,1.675000000000004263e-01,1.000000000000000000e+00
3.038253801159860323e-01,8.000000000000007105e-02,1.000000000000000000e+00
2.572249837732259792e+00,6.749999999999900524e-02,2.000000000000000000e+00
5.709591284064859940e-01,1.774999999999984368e-01,1.000000000000000000e+00
3.825201206593555336e-01,2.500000000000000000e-01,1.000000000000000000e+00
-1.085123077325205881e-01,1.899999999999995026e-01,1.000000000000000000e+00
1.098156314050491744e+00,1.100000000000012079e-01,1.000000000000000000e+00
4.880918898389277616e-01,3.125000000000000000e-01,1.000000000000000000e+00
3.407354227288381110e-01,1.600000000000001421e-01,1.000000000000000000e+00
1.357035806979469461e+00,8.749999999999857891e-02,1.000000000000000000e+00
5.755795534443663986e-01,1.600000000000001421e-01,1.000000000000000000e+00
4.140926549168623683e-01,1.799999999999997158e-01,1.000000000000000000e+00
4.413891858748485442e-01,1.900000000000012790e-01,1.000000000000000000e+00
5.526960931254187859e-01,1.899999999999995026e-01,1.000000000000000000e+00
6.227389997207609662e-01,2.799999999999975842e-01,1.000000000000000000e+00
4.195957918397280606e-01,7.000000000000028422e-02,1.000000000000000000e+00
5.571417917351809690e-01,4.999999999999893419e-02,1.000000000000000000e+00
-1.279206470226568471e-01,2.000000000000010658e-01,1.000000000000000000e+00
7.724172460987466238e-01,1.274999999999995026e-01,1.000000000000000000e+00
6.553291455251571973e-01,2.199999999999988631e-01,1.000000000000000000e+00
1.819759700490160975e-02,8.999999999999985789e-02,1.000000000000000000e+00
6.462924609628649397e-02,1.600000000000001421e-01,1.000000000000000000e+00
3.844402085941254210e-01,1.675000000000004263e-01,1.000000000000000000e+00
2.875854380106012687e-01,3.200000000000002842e-01,1.000000000000000000e+00
-1.460830084216565017e-01,6.999999999999850786e-02,1.000000000000000000e+00
3.895620021601717831e-01,3.699999999999974420e-01,1.000000000000000000e+00
2.686967621984597820e-01,8.750000000000035527e-02,1.000000000000000000e+00
1.168071066161916027e+00,8.999999999999985789e-02,1.000000000000000000e+00
5.866314205790387204e-01,3.000000000000042633e-01,1.000000000000000000e+00
6.181308802223836052e-01,4.024999999999998579e-01,1.000000000000000000e+00
-6.689946090237873788e-01,1.400000000000005684e-01,1.000000000000000000e+00
7.732374375063690852e-01,2.000000000000028422e-01,1.000000000000000000e+00
4.708056253354086507e-01,3.500000000000014211e-01,1.000000000000000000e+00
7.100587474773450980e-01,2.699999999999995737e-01,1.000000000000000000e+00
-2.071726079625869632e-01,1.600000000000001421e-01,1.000000000000000000e+00
2.259405546246834040e-01,3.200000000000002842e-01,1.000000000000000000e+00
7.221492981948747225e-01,2.199999999999988631e-01,1.000000000000000000e+00
3.314173369225471011e-01,1.400000000000005684e-01,1.000000000000000000e+00
3.651343347636062386e-01,2.500000000000000000e-01,1.000000000000000000e+00
7.016752996786098651e-01,3.200000000000002842e-01,1.000000000000000000e+00
2.067200643737529653e+00,1.600000000000001421e-01,1.000000000000000000e+00
4.948433178069133742e-02,1.100000000000029843e-01,1.000000000000000000e+00
1.235897657593571786e-01,2.799999999999993605e-01,1.000000000000000000e+00
5.564987468275300886e-01,3.399999999999998579e-01,1.000000000000000000e+00
6.897807870154443188e-01,1.999999999999992895e-01,1.000000000000000000e+00
8.009627464125289587e-01,3.200000000000002842e-01,1.000000000000000000e+00
-7.075213699914008336e-02,9.999999999999964473e-02,1.000000000000000000e+00
1.048207297567723129e-01,7.000000000000028422e-02,1.000000000000000000e+00
2.616138389411982179e-01,1.200000000000009948e-01,1.000000000000000000e+00
9.080228147502574787e-01,1.899999999999977263e-01,1.000000000000000000e+00
-4.967595169755191775e-01,6.999999999999850786e-02,1.000000000000000000e+00
8.784094779270620323e-01,1.400000000000005684e-01,1.000000000000000000e+00
5.462657765193397186e-01,1.300000000000007816e-01,1.000000000000000000e+00
6.284470942217933453e-01,1.500000000000003553e-01,1.000000000000000000e+00
-1.421761130323080102e-01,1.999999999999992895e-01,1.000000000000000000e+00
5.190001297450481665e-01,4.100000000000001421e-01,1.000000000000000000e+00
2.931285377287194405e-01,3.200000000000002842e-01,1.000000000000000000e+00
6.262169248320297310e-01,1.500000000000003553e-01,1.000000000000000000e+00
8.209389655018266563e-01,1.000000000000014211e-01,1.000000000000000000e+00
7.244189832267838858e-01,1.499999999999985789e-01,1.000000000000000000e+00
3.845077310839125073e-01,1.200000000000009948e-01,1.000000000000000000e+00
4.151121772115675679e-01,3.300000000000000711e-01,1.000000000000000000e+00
2.390704926630582983e-01,1.875000000000000000e-01,1.000000000000000000e+00
4.084507519203733894e-01,8.999999999999985789e-02,1.000000000000000000e+00
1.461538161411180647e+00,1.575000000000024158e-01,1.000000000000000000e+00
6.594252757727616654e-01,3.599999999999994316e-01,1.000000000000000000e+00
-1.693719666957184122e-01,1.600000000000001421e-01,1.000000000000000000e+00
2.727592523655359980e-01,2.875000000000014211e-01,1.000000000000000000e+00
9.538568289307915171e-02,1.974999999999980105e-01,1.000000000000000000e+00
6.556323667377467190e-01,2.850000000000001421e-01,1.000000000000000000e+00
-1.124829921824128387e-01,6.000000000000049738e-02,1.000000000000000000e+00
4.839990455723254814e-01,2.374999999999989342e-01,1.000000000000000000e+00
7.368211830769089143e-01,8.000000000000007105e-02,1.000000000000000000e+00
1.114795511701774711e+00,1.574999999999988631e-01,1.000000000000000000e+00
-1.157804432657080884e+00,3.700000000000009948e-01,1.000000000000000000e+00
7.035493088369380033e-01,4.199999999999981526e-01,1.000000000000000000e+00
9.315029105110942398e-01,2.500000000000000000e-01,1.000000000000000000e+00
9.971479511602328039e-01,2.699999999999995737e-01,1.000000000000000000e+00
7.553204613493965658e-01,1.200000000000009948e-01,1.000000000000000000e+00
5.883196946284939832e-01,8.999999999999985789e-02,1.000000000000000000e+00
1.297480542067160236e+00,8.999999999999985789e-02,1.000000000000000000e+00
2.312894148274287909e-01,1.600000000000001421e-01,1.000000000000000000e+00
-8.282433716418055591e-03,8.999999999999985789e-02,1.000000000000000000e+00
6.024642468591776545e-01,1.399999999999987921e-01,1.000000000000000000e+00
3.423579579086052926e-01,1.600000000000001421e-01,1.000000000000000000e+00
3.781577368165321973e-01,3.100000000000004974e-01,1.000000000000000000e+00
8.177069682920830029e-01,1.899999999999995026e-01,1.000000000000000000e+00
3.782690595469812567e-01,1.850000000000004974e-01,1.000000000000000000e+00
-1.475090721582076048e-01,1.600000000000001421e-01,1.000000000000000000e+00
6.423329925977520061e-01,1.300000000000007816e-01,1.000000000000000000e+00
1.087175785455259724e+00,1.600000000000001421e-01,1.000000000000000000e+00
9.182880235775534583e-01,9.999999999999964473e-02,1.000000000000000000e+00
1.127211900377716791e+00,2.500000000000000000e-01,1.000000000000000000e+00
9.875785797883469552e-01,2.400000000000019895e-01,1.000000000000000000e+00
9.391118290584037354e-01,1.799999999999997158e-01,1.000000000000000000e+00
-1.333883324567088358e-01,7.000000000000028422e-02,1.000000000000000000e+00
8.922690601016313172e-01,1.300000000000007816e-01,1.000000000000000000e+00
1.820874371270784775e-01,2.699999999999995737e-01,1.000000000000000000e+00
6.003507913675905083e-01,8.000000000000007105e-02,1.000000000000000000e+00
4.944341001680787051e-01,7.000000000000028422e-02,1.000000000000000000e+00
1.028745625277530440e+00,2.399999999999984368e-01,1.000000000000000000e+00
2.921599258454467551e-01,8.000000000000007105e-02,1.000000000000000000e+00
7.242731088183882449e-01,1.999999999999992895e-01,1.000000000000000000e+00
2.334788442797051944e-01,2.000000000000010658e-01,1.000000000000000000e+00
2.787799250195182599e-01,1.624999999999996447e-01,1.000000000000000000e+00
6.959672399783800589e-01,3.300000000000000711e-01,1.000000000000000000e+00
2.015273854786592822e-01,1.799999999999997158e-01,1.000000000000000000e+00
